{
  "accounted": 100,
  "clusters": {
    "external_publisher_input": {
      "count": 6,
      "ids": [
        "1607.01424",
        "quant-ph/0401158",
        "astro-ph/9806267",
        "0809.4370",
        "hep-ph/0604209",
        "1706.07482"
      ]
    },
    "incomplete_source_bundle": {
      "count": 1,
      "ids": [
        "1307.4678"
      ]
    },
    "pdf_complete": {
      "count": 41,
      "ids": [
        "1609.01918",
        "1901.05298",
        "2104.07258",
        "2109.12590",
        "2211.04558",
        "2406.10388",
        "1803.06913",
        "2308.00992",
        "2303.11292",
        "2508.02487",
        "2603.26169",
        "2303.03677",
        "math/0410460",
        "1109.6025",
        "2403.05325",
        "1710.06442",
        "1204.5690",
        "2409.18194",
        "1510.06073",
        "2402.06118",
        "1905.03736",
        "cond-mat/0604100",
        "2302.02138",
        "2402.03856",
        "1201.0674",
        "0708.1003",
        "1110.5194",
        "2509.16342",
        "2008.00342",
        "2404.08501",
        "2404.06754",
        "cond-mat/9906328",
        "nucl-th/0508048",
        "2311.03407",
        "2512.18767",
        "2508.17913",
        "2208.12264",
        "2303.07483",
        "1911.07270",
        "2108.07198",
        "2209.03095"
      ]
    },
    "reference_dvi_eps_workflow": {
      "count": 1,
      "ids": [
        "0906.4556"
      ]
    },
    "reference_package_era_incompatibility": {
      "count": 4,
      "ids": [
        "2109.04844",
        "1605.00321",
        "1806.00133",
        "1111.4238"
      ]
    },
    "umber2-65ku.61": {
      "count": 6,
      "ids": [
        "2606.04708",
        "2408.08969",
        "2409.09687",
        "1505.01466",
        "2302.05666",
        "2509.18247"
      ]
    },
    "umber2-65ku.62": {
      "count": 9,
      "ids": [
        "0901.0375",
        "cond-mat/0403603",
        "2212.09995",
        "2504.13286",
        "2406.18174",
        "math/0405422",
        "2509.15093",
        "2306.06689",
        "2606.13617"
      ]
    },
    "umber2-65ku.63": {
      "count": 2,
      "ids": [
        "1910.12506",
        "1901.02462"
      ]
    },
    "umber2-65ku.64": {
      "count": 2,
      "ids": [
        "1806.09227",
        "2210.17134"
      ]
    },
    "umber2-65ku.65": {
      "count": 8,
      "ids": [
        "1803.04459",
        "2002.08666",
        "2601.15540",
        "2512.01214",
        "2309.07749",
        "2007.04915",
        "2411.08642",
        "2301.10807"
      ]
    },
    "umber2-65ku.66": {
      "count": 4,
      "ids": [
        "2412.02819",
        "2502.08039",
        "2106.16088",
        "2008.12745"
      ]
    },
    "umber2-65ku.67": {
      "count": 4,
      "ids": [
        "2511.00922",
        "2304.07531",
        "2509.26198",
        "2012.14835"
      ]
    },
    "umber2-65ku.68": {
      "count": 1,
      "ids": [
        "2405.07680"
      ]
    },
    "umber2-65ku.69": {
      "count": 1,
      "ids": [
        "1910.14440"
      ]
    },
    "umber2-65ku.70": {
      "count": 1,
      "ids": [
        "1903.09682"
      ]
    },
    "umber_complete_reference_document_error": {
      "count": 4,
      "ids": [
        "2001.09659",
        "1512.00596",
        "0903.3324",
        "1512.07679"
      ]
    },
    "umber_complete_reference_dvi_eps_workflow": {
      "count": 2,
      "ids": [
        "astro-ph/0701678",
        "1209.1157"
      ]
    },
    "umber_complete_reference_legacy_input_rejected": {
      "count": 3,
      "ids": [
        "1402.7313",
        "1309.6552",
        "1501.07105"
      ]
    }
  }
}
