{
  "accounted": 100,
  "clusters": {
    "compile_attempt_limit": {
      "count": 2,
      "ids": [
        "1901.05298",
        "0906.4556"
      ]
    },
    "escaped_alignment_endv": {
      "count": 4,
      "ids": [
        "2109.12590",
        "2504.13286",
        "2309.07749",
        "2311.03407"
      ]
    },
    "impossible_external_publisher_input": {
      "count": 6,
      "ids": [
        "1607.01424",
        "quant-ph/0401158",
        "astro-ph/9806267",
        "0809.4370",
        "hep-ph/0604209",
        "1706.07482"
      ]
    },
    "impossible_incomplete_source": {
      "count": 1,
      "ids": [
        "1307.4678"
      ]
    },
    "macro_replacement_eof": {
      "count": 3,
      "ids": [
        "2302.05666",
        "1911.07270",
        "1111.4238"
      ]
    },
    "panic_invalid_frozen_token": {
      "count": 21,
      "ids": [
        "2606.04708",
        "1803.04459",
        "2511.00922",
        "2002.08666",
        "2211.04558",
        "2502.08039",
        "2303.11292",
        "2508.02487",
        "2601.15540",
        "1806.09227",
        "2303.03677",
        "2409.09687",
        "1505.01466",
        "2012.14835",
        "2509.16342",
        "2509.18247",
        "2210.17134",
        "1806.00133",
        "2108.07198",
        "1903.09682",
        "2301.10807"
      ]
    },
    "panic_stale_origin": {
      "count": 1,
      "ids": [
        "2406.10388"
      ]
    },
    "pdf_font_map_or_program": {
      "count": 26,
      "ids": [
        "1609.01918",
        "2104.07258",
        "1910.12506",
        "2001.09659",
        "2308.00992",
        "cond-mat/0403603",
        "2212.09995",
        "math/0410460",
        "1204.5690",
        "1905.03736",
        "1309.6552",
        "cond-mat/0604100",
        "1201.0674",
        "0708.1003",
        "2406.18174",
        "1110.5194",
        "1901.02462",
        "astro-ph/0701678",
        "0903.3324",
        "2008.00342",
        "cond-mat/9906328",
        "nucl-th/0508048",
        "2509.15093",
        "2512.18767",
        "1209.1157",
        "2606.13617"
      ]
    },
    "pdfglyphtounicode_value": {
      "count": 1,
      "ids": [
        "2008.12745"
      ]
    },
    "provisional_external_sigkill": {
      "count": 1,
      "ids": [
        "2209.03095"
      ]
    },
    "provisional_timeout": {
      "count": 16,
      "ids": [
        "2412.02819",
        "2408.08969",
        "1803.06913",
        "1402.7313",
        "2304.07531",
        "2509.26198",
        "2403.05325",
        "2402.06118",
        "2302.02138",
        "2402.03856",
        "math/0405422",
        "1512.07679",
        "2508.17913",
        "1501.07105",
        "2007.04915",
        "2405.07680"
      ]
    },
    "resource_rebinding": {
      "count": 2,
      "ids": [
        "2109.04844",
        "1605.00321"
      ]
    },
    "token_list_group_eof": {
      "count": 4,
      "ids": [
        "1512.00596",
        "2512.01214",
        "2411.08642",
        "1910.14440"
      ]
    },
    "undefined_at_nil": {
      "count": 1,
      "ids": [
        "1109.6025"
      ]
    },
    "undefined_currbox": {
      "count": 4,
      "ids": [
        "2603.26169",
        "1710.06442",
        "2409.18194",
        "2303.07483"
      ]
    },
    "unimplemented_math_primitive": {
      "count": 5,
      "ids": [
        "0901.0375",
        "2106.16088",
        "2404.08501",
        "2208.12264",
        "2306.06689"
      ]
    },
    "unsupported_the_quantity": {
      "count": 2,
      "ids": [
        "1510.06073",
        "2404.06754"
      ]
    }
  }
}
